1,"Juan Solis","Ajui74",2020-08-03,11506,30937,"Se perdió por la pista en la mañana solo",false,1
2,"Pedro Ortiz","Alpy470",2021-05-16,-21279,6576,"Se fue por la plaza en la noche con una niña",false,1
3,"Ana Vasquez","Alpy243",2021-08-22,552,-13284,"Se marchó por la villa en la madrugada con un niño",false,1
4,"María Turpaleon","Anlop366",2020-12-23,44775,4833,"La última vez que lo ví fue por la vereda en la mañana con una niña",false,1
5,"Ana Quispe","Alñoid150",2019-08-23,-22762,-23770,"No se por donde se me perdió exactamente pero creo que fue por la plaza en la mañana solo",false,1
6,"Juan Quispe","Alio400",2021-09-13,3819,-55984,"Se marchó por la plaza en la noche con un niño",false,1
7,"Manuel Quispe","Luna338",2018-08-03,-62831,-2051,"No se por donde se me perdió exactamente pero creo que fue por la villa en la noche con un niño",false,1
8,"Ruperto Claros","Luna192",2019-08-04,28578,-62141,"No se por donde se me perdió exactamente pero creo que fue por la villa en la noche solo",false,1
9,"Juan Turpaleon","Luna143",2019-01-20,22497,-33856,"Se marchó por la villa en la noche con un niño",false,1
10,"Marco Vasquez","Luna109",2018-07-01,15556,14050,"Se fue por la escuela x en la madrugada con una niña",false,1
11,"Ruperto Ramírez","Lacy45",2021-09-22,-32498,-28856,"Se fue por la pista en la noche con una niña",false,1
12,"María Ortiz","Alpy473",2021-11-16,-19497,-43656,"Se perdió por la vereda en la mañana con un niño",false,1
13,"Mirto Turpaleon","Anlop470",2019-10-25,4251,-23237,"Se fugó por la escuela x en la mañana con otros perros",false,1
14,"Mirto Zaenz","Alñoid225",2018-03-07,-56598,-38667,"Se marchó por la playa en la noche con otros perros",false,1
15,"Marco Turpaleon","Aloiy468",2020-07-08,1184,-51595,"Se marchó por la villa en la mañana con otros perros",false,1
16,"Ana Claros","Aloiy153",2021-05-25,-17187,-69042,"Se marchó por la villa en la tarde solo",false,1
17,"Ana Zaenz","Anlop82",2021-05-17,49408,-61236,"Se marchó por la plaza en la noche con una niña",false,1
18,"Mirto Ramírez","Anlop315",2020-10-19,18845,-37219,"Se fugó por la escuela x en la mañana con otros perros",false,1
19,"Ruperto Ramírez","Luna195",2020-12-04,-59307,15988,"Se fugó por la pista en la tarde con otros perros",false,1
20,"Manuel Zaenz","Luna461",2020-03-24,-22060,-8261,"Se fue por la pista en la mañana con otros perros",false,1
21,"María Solis","Lacy61",2020-07-22,4128,-49632,"La última vez que lo ví fue por la vereda en la mañana con una niña",false,1
22,"Juan Ortiz","Anlop92",2020-08-12,608,-40826,"La última vez que lo ví fue por la playa en la madrugada con una niña",false,1
23,"Pedro Solis","Anlop405",2019-07-15,-54247,-22254,"La última vez que lo ví fue por el mercado de lima en la tarde con una niña",false,1
24,"Marco Quispe","Lacy410",2020-10-16,4628,-38887,"La última vez que lo ví fue por la villa en la madrugada solo",false,1
25,"Ruperto Vasquez","Anlop371",2021-01-22,12526,-51548,"La última vez que lo ví fue por la villa en la noche solo",false,1
26,"Manuel Ramírez","Anlop110",2021-03-22,-40534,-63555,"Se perdió por la villa en la mañana con otros perros",false,1
27,"Mirto Claros","Anlop286",2019-06-10,17896,-3792,"Se fue por el mercado de huacho en la tarde con otros perros",false,1
28,"Pedro Solis","Aloiy226",2019-01-04,20705,-40713,"La última vez que lo ví fue por el mercado de huacho en la tarde con una niña",false,1
29,"Manuel Turpaleon","Aloiy278",2020-04-09,5334,28164,"Se marchó por la villa en la mañana solo",false,1
30,"María Solis","Lacy165",2019-07-05,-66519,-44448,"Se marchó por el mercado de huacho en la madrugada con otros perros",false,1
31,"Juan Quispe","Lacy136",2021-09-16,26170,40543,"Se perdió por la pista en la noche con un niño",false,1
32,"Manuel Ortiz","Alpy494",2018-10-16,27913,-67175,"Se marchó por la plaza en la madrugada con una niña",false,1
33,"Juan Solis","Aloiy78",2019-08-12,-67911,-61034,"Se fue por la pista en la madrugada solo",false,1
34,"Ruperto Solis","Anlop338",2018-06-03,-16650,-69117,"La última vez que lo ví fue por la playa en la tarde solo",false,1
35,"Pedro Solis","Luna33",2020-10-09,-12725,-27282,"Se perdió por la plaza en la tarde con una niña",false,1
36,"Juan Solis","Alio229",2021-08-24,27435,-52301,"La última vez que lo ví fue por la plaza en la tarde solo",false,1
37,"Ruperto Ramírez","Luna359",2018-08-19,12035,1423,"Se fugó por la escuela x en la tarde con una niña",false,1
38,"Mirto Vasquez","Anlop348",2018-06-08,-64820,46989,"No se por donde se me perdió exactamente pero creo que fue por el mercado de lima en la tarde con una niña",false,1
39,"Juan Zaenz","Aloiy244",2018-02-04,-5544,-66150,"Se perdió por el mercado de huacho en la madrugada solo",false,1
40,"Marco Quispe","Luna295",2018-10-22,26802,-32751,"Se fugó por la escuela x en la mañana solo",false,1
41,"María Claros","Lacy28",2020-12-22,-10604,-55858,"La última vez que lo ví fue por la vereda en la madrugada con otros perros",false,1
42,"Ruperto Solis","Alñoid251",2019-09-14,-45617,41915,"Se marchó por la villa en la noche solo",false,1
43,"Pedro Quispe","Ajui427",2020-07-02,19284,42272,"Se fugó por el mercado de lima en la mañana solo",false,1
44,"Ana Zaenz","Luna202",2019-11-22,9544,-16562,"Se marchó por el mercado de lima en la mañana con otros perros",false,1
45,"Marco Vasquez","Alpy335",2018-11-20,37847,-5826,"Se fue por la pista en la noche con otros perros",false,1
46,"Ruperto Claros","Anlop438",2021-10-02,49463,-67189,"Se fue por la pista en la mañana con una niña",false,1
47,"Juan Claros","Lacy374",2019-12-09,-30959,3060,"Se fugó por la pista en la mañana solo",false,1
48,"Manuel Zaenz","Alpy170",2021-12-21,28500,26446,"Se fugó por la escuela x en la tarde solo",false,1
49,"Manuel Ramírez","Ajui57",2020-02-10,6911,-33242,"La última vez que lo ví fue por la pista en la noche con una niña",false,1
50,"Mirto Quispe","Luna381",2020-12-23,-61613,35457,"La última vez que lo ví fue por la vereda en la noche solo",false,1
51,"Pedro Claros","Alio371",2020-08-08,-10308,-64207,"No se por donde se me perdió exactamente pero creo que fue por la plaza en la mañana con una niña",false,1
52,"Manuel Solis","Ajui122",2020-12-10,-48107,23115,"Se fue por la escuela x en la tarde solo",false,1
53,"Mirto Ramírez","Alñoid374",2019-08-16,-20244,-28285,"No se por donde se me perdió exactamente pero creo que fue por la villa en la noche con un niño",false,1
54,"Mirto Turpaleon","Apou151",2020-04-04,-17193,-65809,"No se por donde se me perdió exactamente pero creo que fue por la pista en la tarde con un niño",false,1
55,"Ana Turpaleon","Luna288",2020-01-11,-59510,-47002,"No se por donde se me perdió exactamente pero creo que fue por la villa en la noche con un niño",false,1
56,"Manuel Ramírez","Alpy273",2018-08-21,-1681,28882,"Se fue por la vereda en la noche con otros perros",false,1
57,"Pedro Ortiz","Lacy339",2020-10-16,-22795,-36146,"Se fugó por la pista en la mañana con otros perros",false,1
58,"Marco Turpaleon","Aloiy405",2020-05-24,-53223,-47687,"No se por donde se me perdió exactamente pero creo que fue por la villa en la noche solo",false,1
59,"Marco Zaenz","Lacy301",2018-11-13,31103,6288,"Se perdió por la villa en la madrugada solo",false,1
60,"Ruperto Turpaleon","Luna412",2020-03-10,-37524,-19182,"Se marchó por el mercado de huacho en la mañana con un niño",false,1
61,"Ruperto Quispe","Alpy109",2018-08-06,17045,33660,"Se fugó por el mercado de lima en la madrugada con otros perros",false,1
62,"Pedro Claros","Apou259",2020-08-02,46755,15254,"Se marchó por la vereda en la mañana con otros perros",false,1
63,"Ruperto Ramírez","Aloiy77",2019-10-20,45636,-59596,"Se marchó por la pista en la madrugada con una niña",false,1
64,"Marco Ramírez","Lacy147",2021-10-18,38035,-28959,"La última vez que lo ví fue por la vereda en la madrugada con un niño",false,1
65,"Pedro Solis","Ajui373",2018-07-04,-59426,-17859,"La última vez que lo ví fue por la pista en la mañana con una niña",false,1
66,"Mirto Quispe","Lacy279",2021-03-09,48486,-50050,"Se fue por la pista en la noche con una niña",false,1
67,"María Quispe","Luna418",2018-02-25,20298,-2610,"No se por donde se me perdió exactamente pero creo que fue por la playa en la tarde con un niño",false,1
68,"Mirto Ramírez","Luna458",2019-05-05,-52793,40209,"Se fue por la pista en la madrugada solo",false,1
69,"Ruperto Ramírez","Luna95",2018-04-24,-29938,-9919,"Se fugó por el mercado de huacho en la madrugada con una niña",false,1
70,"Ana Ramírez","Anlop217",2019-12-19,34066,-56389,"Se fue por la playa en la madrugada solo",false,1
71,"Juan Solis","Luna240",2021-11-18,-67532,-6166,"Se fue por la plaza en la tarde solo",false,1
72,"Mirto Ramírez","Anlop227",2018-07-21,48634,-40023,"Se fue por la escuela x en la noche con un niño",false,1
73,"Ana Claros","Luna364",2021-05-05,-58817,37045,"Se perdió por la plaza en la mañana con otros perros",false,1
74,"Pedro Vasquez","Apou93",2020-08-05,-51250,13621,"Se marchó por la plaza en la noche con otros perros",false,1
75,"Marco Claros","Aloiy309",2018-08-08,-61254,-66341,"Se perdió por la pista en la noche solo",false,1
76,"Ruperto Ramírez","Anlop164",2020-06-09,15907,-28759,"Se fue por el mercado de lima en la noche con un niño",false,1
77,"Pedro Turpaleon","Ajui211",2018-11-06,43699,-10625,"Se fue por la escuela x en la noche con otros perros",false,1
78,"Ana Turpaleon","Aloiy258",2019-05-19,-57710,37665,"No se por donde se me perdió exactamente pero creo que fue por la pista en la madrugada con otros perros",false,1
79,"Marco Ortiz","Anlop439",2021-01-02,8113,-42880,"Se perdió por la pista en la noche con un niño",false,1
80,"Manuel Zaenz","Alñoid20",2018-02-25,-41440,-28348,"Se marchó por la playa en la tarde con un niño",false,1
81,"Marco Ortiz","Luna367",2020-07-15,-18429,-40978,"Se perdió por la plaza en la mañana solo",false,1
82,"Juan Ortiz","Lacy203",2021-01-10,43362,-40828,"Se fue por la pista en la noche con un niño",false,1
83,"Pedro Zaenz","Lacy328",2019-06-15,-46362,-56280,"Se perdió por la escuela x en la mañana con un niño",false,1
84,"Manuel Ramírez","Alñoid365",2019-01-05,-24414,41335,"Se perdió por la plaza en la noche con un niño",false,1
85,"Juan Zaenz","Lacy398",2018-10-12,10389,36418,"Se marchó por la plaza en la tarde con un niño",false,1
86,"María Ortiz","Apou99",2018-07-10,8336,-61992,"La última vez que lo ví fue por la pista en la madrugada con un niño",false,1
87,"Ana Claros","Anlop382",2019-11-21,-47758,22461,"La última vez que lo ví fue por la plaza en la madrugada solo",false,1
88,"Mirto Turpaleon","Alio374",2018-04-20,-31446,19911,"La última vez que lo ví fue por la pista en la noche con otros perros",false,1
89,"Mirto Ramírez","Anlop145",2019-03-23,45377,-59283,"La última vez que lo ví fue por la villa en la tarde con otros perros",false,1
90,"Marco Quispe","Aloiy305",2021-11-12,-13044,-60111,"Se fue por la plaza en la tarde con una niña",false,1
91,"Ana Ramírez","Luna252",2020-05-16,-63228,-62667,"Se fue por la villa en la mañana con una niña",false,1
92,"Marco Solis","Ajui75",2021-09-05,17110,20858,"Se perdió por el mercado de huacho en la mañana con una niña",false,1
93,"Marco Quispe","Anlop303",2021-07-12,37510,-10382,"Se perdió por la vereda en la madrugada con una niña",false,1
94,"Ana Ortiz","Ajui471",2020-03-18,-52363,-49706,"Se marchó por el mercado de huacho en la mañana con un niño",false,1
95,"Marco Zaenz","Luna408",2020-12-18,-11718,29245,"Se marchó por la escuela x en la madrugada solo",false,1
96,"Ruperto Turpaleon","Aloiy352",2018-03-02,-65829,10928,"La última vez que lo ví fue por la plaza en la noche con otros perros",false,1
97,"María Turpaleon","Alio368",2018-07-21,48105,28554,"Se fue por el mercado de huacho en la mañana con otros perros",false,1
98,"María Ortiz","Anlop276",2021-10-23,-36044,19714,"Se perdió por el mercado de lima en la tarde solo",false,1
99,"Marco Turpaleon","Alpy341",2018-12-21,-31356,-32510,"Se marchó por la playa en la noche con una niña",false,1
100,"Juan Ortiz","Apou155",2019-04-07,-68659,12755,"Se perdió por la vereda en la madrugada con una niña",false,1
101,"María Ortiz","Apou462",2021-04-13,33994,-24544,"Se perdió por la villa en la noche solo",false,1
102,"María Zaenz","Apou374",2021-12-06,-38484,-63118,"Se marchó por la plaza en la mañana con otros perros",false,1
103,"Ana Quispe","Alpy474",2021-11-11,-5280,-65302,"No se por donde se me perdió exactamente pero creo que fue por la pista en la tarde con otros perros",false,1
104,"Manuel Quispe","Lacy371",2021-01-10,37077,27982,"Se fue por la playa en la noche con una niña",false,1
105,"Mirto Claros","Alñoid372",2020-08-02,-34198,-47628,"Se fugó por la plaza en la mañana con otros perros",false,1
106,"Manuel Turpaleon","Lacy209",2021-08-25,40749,45170,"Se fue por la plaza en la noche solo",false,1
107,"Marco Quispe","Apou78",2019-12-15,45086,-21371,"La última vez que lo ví fue por la vereda en la tarde solo",false,1
108,"Ana Solis","Lacy114",2020-03-19,-19133,26167,"Se marchó por el mercado de huacho en la madrugada con un niño",false,1
109,"Ruperto Quispe","Lacy339",2018-10-09,-58985,-10891,"Se marchó por la pista en la tarde con otros perros",false,1
110,"María Quispe","Anlop29",2019-07-11,-13680,4646,"La última vez que lo ví fue por la vereda en la mañana solo",false,1
111,"Manuel Ramírez","Lacy353",2019-09-17,-31096,-67557,"La última vez que lo ví fue por la plaza en la tarde con un niño",false,1
112,"Marco Ramírez","Apou370",2021-06-16,6214,21381,"No se por donde se me perdió exactamente pero creo que fue por el mercado de huacho en la mañana solo",false,1
113,"Marco Ramírez","Aloiy324",2020-03-08,-58528,-3313,"La última vez que lo ví fue por la escuela x en la noche con una niña",false,1
114,"Juan Quispe","Alpy191",2018-08-09,-32312,-1633,"Se fue por la pista en la mañana solo",false,1
115,"Ana Ramírez","Alio449",2020-03-11,-6206,-47926,"Se perdió por la playa en la madrugada con una niña",false,1
116,"Ana Turpaleon","Luna371",2020-03-11,-16620,43887,"Se fue por la plaza en la tarde solo",false,1
117,"Ana Vasquez","Alñoid125",2018-12-24,-58407,-255,"Se fue por la villa en la noche con un niño",false,1
118,"Juan Zaenz","Alpy155",2018-10-08,47952,-53757,"Se fugó por el mercado de huacho en la madrugada con un niño",false,1
119,"Mirto Zaenz","Lacy7",2020-07-14,-14358,45075,"Se marchó por la plaza en la mañana con otros perros",false,1
120,"Mirto Ortiz","Apou417",2019-05-04,-60063,-51593,"La última vez que lo ví fue por la pista en la noche con un niño",false,1
121,"Ruperto Vasquez","Anlop292",2019-12-06,-40931,47172,"No se por donde se me perdió exactamente pero creo que fue por la villa en la noche con un niño",false,1
122,"Ana Zaenz","Lacy12",2021-06-10,29540,-36602,"Se fue por el mercado de lima en la noche con un niño",false,1
123,"María Turpaleon","Ajui293",2018-02-20,38088,49769,"No se por donde se me perdió exactamente pero creo que fue por el mercado de lima en la noche con un niño",false,1
124,"Pedro Claros","Alñoid461",2020-01-04,32830,-36505,"Se fue por la pista en la mañana con un niño",false,1
125,"María Zaenz","Anlop346",2021-05-25,-46054,-10910,"Se marchó por el mercado de lima en la tarde con una niña",false,1
126,"Pedro Solis","Lacy314",2020-06-18,-64643,-57765,"Se fue por la playa en la madrugada con una niña",false,1
127,"Mirto Turpaleon","Apou202",2020-04-01,-17044,6841,"La última vez que lo ví fue por el mercado de lima en la noche con un niño",false,1
128,"Mirto Zaenz","Apou275",2018-03-24,-69803,-1892,"Se fue por la villa en la madrugada solo",false,1
129,"María Claros","Alio302",2019-10-25,24930,-24047,"Se perdió por la villa en la madrugada con otros perros",false,1
130,"María Ortiz","Aloiy113",2018-03-21,-27078,-51506,"Se fue por la plaza en la tarde con una niña",false,1
131,"Juan Turpaleon","Aloiy351",2021-05-23,-44749,27420,"Se fue por la vereda en la tarde con un niño",false,1
132,"Ana Vasquez","Anlop253",2019-03-20,-45575,22018,"Se marchó por el mercado de huacho en la mañana con una niña",false,1
133,"María Quispe","Alio431",2020-05-19,-36545,-18141,"No se por donde se me perdió exactamente pero creo que fue por la escuela x en la mañana con otros perros",false,1
134,"Pedro Solis","Aloiy189",2020-07-25,36590,21359,"Se fue por el mercado de lima en la noche solo",false,1
135,"Marco Quispe","Aloiy47",2019-12-25,-22659,42520,"Se marchó por la vereda en la mañana solo",false,1
136,"Ana Turpaleon","Luna82",2021-02-08,39886,-34223,"La última vez que lo ví fue por la vereda en la tarde con otros perros",false,1
137,"Mirto Solis","Alio123",2019-11-15,26470,-674,"Se fugó por la pista en la noche con un niño",false,1
138,"Mirto Zaenz","Alpy202",2020-06-18,29384,-43737,"Se perdió por la villa en la mañana solo",false,1
139,"Juan Quispe","Alñoid269",2018-12-19,-33208,-21864,"Se fue por la vereda en la tarde con otros perros",false,1
140,"Juan Quispe","Alio404",2018-12-14,19589,-56049,"Se perdió por la pista en la mañana solo",false,1
141,"Mirto Claros","Ajui47",2019-01-21,18063,36637,"No se por donde se me perdió exactamente pero creo que fue por la vereda en la madrugada con un niño",false,1
142,"María Ramírez","Alñoid303",2021-11-12,-68973,6322,"No se por donde se me perdió exactamente pero creo que fue por la pista en la tarde con una niña",false,1
143,"Ruperto Ramírez","Alpy309",2020-07-08,20864,-61410,"No se por donde se me perdió exactamente pero creo que fue por la vereda en la madrugada con otros perros",false,1
144,"Ana Vasquez","Alpy412",2018-06-02,-65578,-8016,"Se fugó por la villa en la madrugada con un niño",false,1
145,"Ana Ortiz","Alñoid127",2019-02-10,28008,31456,"La última vez que lo ví fue por la plaza en la mañana con otros perros",false,1
146,"Pedro Quispe","Aloiy91",2018-02-20,42664,4376,"Se fugó por el mercado de huacho en la noche con otros perros",false,1
147,"Mirto Quispe","Lacy443",2021-04-22,47966,-62344,"Se marchó por la pista en la madrugada solo",false,1
148,"Pedro Ramírez","Aloiy385",2021-03-25,-43050,2495,"Se marchó por la vereda en la madrugada con otros perros",false,1
149,"Ana Turpaleon","Luna111",2020-03-04,-58031,-44181,"Se perdió por la playa en la mañana solo",false,1
150,"Ana Ortiz","Ajui277",2020-04-14,1346,22461,"Se perdió por la playa en la mañana solo",false,1
151,"Mirto Ortiz","Ajui423",2021-01-17,-37549,-47209,"Se marchó por el mercado de lima en la noche con un niño",false,1
152,"Juan Claros","Anlop130",2020-01-01,18678,-9021,"Se fugó por el mercado de huacho en la mañana con un niño",false,1
153,"Manuel Ortiz","Alñoid215",2021-02-17,-6463,-32304,"No se por donde se me perdió exactamente pero creo que fue por la escuela x en la madrugada con otros perros",false,1
154,"María Vasquez","Alñoid443",2020-08-19,-61226,-50973,"Se perdió por el mercado de lima en la mañana con una niña",false,1
155,"Juan Ortiz","Aloiy220",2021-12-19,13913,-7745,"Se fue por el mercado de lima en la noche solo",false,1
156,"Manuel Solis","Alñoid38",2021-07-01,45478,13842,"Se fue por la vereda en la mañana con un niño",false,1
157,"Ruperto Vasquez","Alio21",2018-09-08,-67546,-56809,"No se por donde se me perdió exactamente pero creo que fue por la vereda en la madrugada con una niña",false,1
158,"Ruperto Zaenz","Alpy387",2019-04-18,-41156,-3405,"Se perdió por la pista en la tarde con un niño",false,1
159,"Mirto Zaenz","Lacy282",2018-03-22,-54293,-61848,"Se fugó por la escuela x en la mañana solo",false,1
160,"Ruperto Ramírez","Ajui52",2020-07-09,-39664,43324,"Se perdió por la plaza en la tarde con otros perros",false,1
161,"Mirto Zaenz","Anlop389",2021-01-15,-3688,-18918,"Se fugó por el mercado de lima en la tarde con otros perros",false,1
162,"Ana Ortiz","Anlop235",2020-08-07,7463,-46479,"Se fue por el mercado de huacho en la mañana con una niña",false,1
163,"Ana Vasquez","Luna82",2019-03-07,9743,40434,"Se perdió por la villa en la madrugada con una niña",false,1
164,"Juan Ortiz","Alio259",2020-01-25,-54163,-5632,"Se perdió por la villa en la madrugada con un niño",false,1
165,"Pedro Turpaleon","Apou262",2020-02-11,-5319,-12258,"Se fugó por la vereda en la madrugada con otros perros",false,1
166,"Marco Solis","Alio284",2019-01-13,-34304,-36571,"La última vez que lo ví fue por el mercado de lima en la tarde con otros perros",false,1
167,"Ruperto Solis","Anlop12",2018-04-14,-34395,47613,"Se fugó por la vereda en la mañana con una niña",false,1
168,"Mirto Zaenz","Luna73",2021-12-02,-9220,-22403,"No se por donde se me perdió exactamente pero creo que fue por la playa en la mañana solo",false,1
169,"Manuel Vasquez","Apou225",2019-06-03,-34926,-54381,"No se por donde se me perdió exactamente pero creo que fue por la villa en la tarde con un niño",false,1
170,"Ruperto Claros","Anlop355",2019-02-13,-26335,-45670,"Se perdió por la playa en la madrugada con un niño",false,1
171,"Manuel Zaenz","Aloiy79",2021-06-05,-18079,-50523,"Se fugó por la plaza en la madrugada solo",false,1
172,"Ruperto Ortiz","Aloiy13",2018-12-15,-43919,558,"Se fugó por la plaza en la noche con una niña",false,1
173,"Marco Solis","Luna201",2018-10-24,39312,-17681,"La última vez que lo ví fue por el mercado de lima en la noche solo",false,1
174,"Ruperto Ramírez","Alio375",2020-07-05,-12243,26849,"Se perdió por la vereda en la madrugada solo",false,1
175,"María Zaenz","Aloiy33",2018-01-24,-43604,-64710,"Se perdió por la villa en la mañana con un niño",false,1
176,"Mirto Ramírez","Aloiy32",2021-01-05,-35402,-3991,"La última vez que lo ví fue por la pista en la noche solo",false,1
177,"Ana Zaenz","Ajui79",2020-06-10,-33220,9941,"Se fue por la pista en la noche con otros perros",false,1
178,"Ana Solis","Alñoid416",2018-08-13,-52454,-13046,"Se fugó por la escuela x en la tarde solo",false,1
179,"Mirto Zaenz","Alio391",2021-12-06,-21714,37976,"Se fugó por la vereda en la madrugada con una niña",false,1
180,"Marco Quispe","Ajui20",2020-02-04,47748,-58480,"Se perdió por el mercado de lima en la mañana solo",false,1
181,"Juan Zaenz","Luna457",2018-07-03,-22204,-24303,"Se fugó por el mercado de lima en la madrugada con otros perros",false,1
182,"Juan Solis","Alñoid472",2019-10-20,1480,-66558,"Se fue por la escuela x en la noche con otros perros",false,1
183,"Marco Vasquez","Luna375",2021-07-02,-6915,531,"Se fugó por la plaza en la madrugada solo",false,1
184,"Juan Solis","Luna214",2019-02-23,-51196,28775,"Se fue por el mercado de lima en la noche con una niña",false,1
185,"Ana Ramírez","Alio25",2020-06-18,15652,-65052,"La última vez que lo ví fue por la pista en la tarde con un niño",false,1
186,"Pedro Quispe","Alpy438",2020-12-20,11705,23952,"Se marchó por el mercado de huacho en la mañana con otros perros",false,1
187,"María Zaenz","Alio37",2020-12-08,34066,45403,"Se fugó por la pista en la mañana con una niña",false,1
188,"Manuel Zaenz","Aloiy82",2021-10-07,-11526,-56067,"La última vez que lo ví fue por la pista en la madrugada con otros perros",false,1
189,"Juan Ortiz","Anlop420",2020-04-20,20163,-13323,"Se marchó por la escuela x en la noche con una niña",false,1
190,"María Ramírez","Alñoid470",2019-11-03,-11432,45611,"Se perdió por la playa en la noche con un niño",false,1
191,"Manuel Zaenz","Alñoid307",2020-02-21,-21193,-29209,"La última vez que lo ví fue por la escuela x en la mañana con una niña",false,1
192,"Marco Zaenz","Ajui14",2021-08-22,22869,-27912,"Se perdió por la plaza en la mañana con una niña",false,1
193,"María Ortiz","Lacy104",2020-02-05,-11581,-991,"Se marchó por la vereda en la tarde con otros perros",false,1
194,"Pedro Zaenz","Apou231",2020-04-01,34162,47458,"La última vez que lo ví fue por la pista en la mañana solo",false,1
195,"Pedro Claros","Ajui348",2020-04-23,-8797,-60150,"Se marchó por el mercado de lima en la noche con otros perros",false,1
196,"Ana Vasquez","Alñoid127",2021-07-14,47217,-40744,"La última vez que lo ví fue por el mercado de huacho en la madrugada con una niña",false,1
197,"Pedro Solis","Ajui50",2018-04-03,-29843,38790,"La última vez que lo ví fue por la pista en la tarde solo",false,1
198,"Juan Quispe","Luna413",2019-01-06,1931,11590,"La última vez que lo ví fue por la vereda en la mañana con una niña",false,1
199,"Mirto Ramírez","Apou481",2020-09-22,20453,-10507,"La última vez que lo ví fue por la pista en la tarde con un niño",false,1
200,"María Ortiz","Alñoid424",2018-11-04,650,-5455,"Se fue por la vereda en la noche con otros perros",false,1
201,"Ruperto Vasquez","Anlop135",2020-09-21,15573,-55685,"Se perdió por la villa en la noche con otros perros",false,1
202,"Manuel Ortiz","Luna393",2020-08-11,5694,28549,"La última vez que lo ví fue por el mercado de huacho en la madrugada solo",false,1
203,"Ana Solis","Alio491",2021-04-02,-11630,-54996,"Se fue por la escuela x en la noche con otros perros",false,1
204,"Mirto Zaenz","Apou195",2020-09-03,8166,-26931,"Se fugó por el mercado de lima en la noche con una niña",false,1
205,"Juan Ortiz","Alpy281",2020-01-08,-57415,24207,"Se fugó por el mercado de huacho en la tarde con otros perros",false,1
206,"Juan Claros","Luna440",2021-12-14,16565,-20256,"No se por donde se me perdió exactamente pero creo que fue por la playa en la madrugada con un niño",false,1
207,"Mirto Ramírez","Luna420",2019-01-03,-35107,44900,"La última vez que lo ví fue por el mercado de lima en la noche con otros perros",false,1
208,"Juan Vasquez","Apou98",2020-01-17,-64683,6846,"Se marchó por la villa en la tarde con un niño",false,1
209,"Manuel Claros","Apou427",2021-06-25,-51502,28003,"Se marchó por el mercado de lima en la tarde con un niño",false,1
210,"María Ramírez","Anlop488",2018-08-13,30142,-4201,"No se por donde se me perdió exactamente pero creo que fue por la villa en la madrugada solo",false,1
211,"Ruperto Ramírez","Anlop401",2018-08-21,-11017,-42538,"Se perdió por la plaza en la tarde con una niña",false,1
212,"Mirto Turpaleon","Luna194",2019-08-18,9461,46360,"No se por donde se me perdió exactamente pero creo que fue por el mercado de lima en la noche solo",false,1
213,"Mirto Zaenz","Lacy418",2019-06-03,37683,-4541,"No se por donde se me perdió exactamente pero creo que fue por la playa en la madrugada con otros perros",false,1
214,"Mirto Turpaleon","Apou238",2019-02-18,28920,-5535,"Se fugó por el mercado de lima en la madrugada con una niña",false,1
215,"Ana Ramírez","Alñoid281",2020-12-24,-41862,-33857,"Se fue por la villa en la madrugada solo",false,1
216,"Manuel Ortiz","Ajui412",2021-12-15,18373,-60363,"Se fue por la pista en la noche con una niña",false,1
217,"Mirto Vasquez","Aloiy384",2018-05-19,12307,-8393,"La última vez que lo ví fue por la plaza en la noche con un niño",false,1
218,"Ruperto Quispe","Ajui83",2020-10-07,-33743,45359,"Se fue por la villa en la madrugada con otros perros",false,1
219,"Pedro Zaenz","Ajui149",2020-06-13,-15410,-4517,"No se por donde se me perdió exactamente pero creo que fue por el mercado de huacho en la madrugada con una niña",false,1
220,"Pedro Quispe","Apou394",2021-02-09,32780,48627,"Se perdió por la playa en la mañana con otros perros",false,1
221,"María Solis","Alpy87",2021-08-09,17378,-46461,"No se por donde se me perdió exactamente pero creo que fue por la playa en la tarde solo",false,1
222,"Pedro Solis","Anlop245",2020-08-25,-61623,-38978,"No se por donde se me perdió exactamente pero creo que fue por la pista en la tarde con otros perros",false,1
223,"Mirto Vasquez","Luna480",2021-03-01,-40230,-37527,"No se por donde se me perdió exactamente pero creo que fue por la plaza en la noche con otros perros",false,1
224,"Mirto Ortiz","Alpy46",2019-11-24,-46154,-15667,"La última vez que lo ví fue por la playa en la madrugada solo",false,1
225,"Ruperto Claros","Apou85",2021-08-09,-15774,-47533,"No se por donde se me perdió exactamente pero creo que fue por la plaza en la madrugada con una niña",false,1
226,"María Vasquez","Alio452",2021-06-19,-50307,-65084,"No se por donde se me perdió exactamente pero creo que fue por el mercado de lima en la noche con una niña",false,1
227,"Manuel Ramírez","Aloiy374",2019-08-10,20947,-9738,"Se fue por la playa en la noche solo",false,1
228,"Juan Ortiz","Luna251",2018-07-15,-60084,-67379,"Se perdió por la pista en la madrugada con otros perros",false,1
229,"Mirto Zaenz","Apou393",2021-07-20,-61724,30999,"Se marchó por la playa en la madrugada solo",false,1
230,"María Zaenz","Alio461",2021-11-10,-25585,-43284,"La última vez que lo ví fue por la villa en la mañana solo",false,1
231,"Marco Zaenz","Apou375",2020-04-04,15011,31836,"No se por donde se me perdió exactamente pero creo que fue por el mercado de lima en la mañana con una niña",false,1
232,"Mirto Vasquez","Anlop219",2019-03-17,-41230,-18257,"Se marchó por la vereda en la madrugada con un niño",false,1
233,"Ana Zaenz","Anlop94",2020-02-16,27392,-69336,"La última vez que lo ví fue por la playa en la tarde con otros perros",false,1
234,"Marco Zaenz","Ajui381",2019-04-21,-66260,-26129,"Se fue por el mercado de huacho en la tarde solo",false,1
235,"Juan Ramírez","Alñoid40",2019-04-21,-55850,20833,"Se marchó por el mercado de lima en la noche con una niña",false,1
236,"Ana Solis","Alio257",2018-10-18,-57567,-9410,"Se fugó por el mercado de lima en la madrugada con otros perros",false,1
237,"Mirto Turpaleon","Alñoid85",2019-06-24,-33789,-41375,"No se por donde se me perdió exactamente pero creo que fue por el mercado de lima en la madrugada con una niña",false,1
238,"Manuel Quispe","Lacy378",2018-07-08,-56950,-24337,"Se perdió por la villa en la mañana con otros perros",false,1
239,"Juan Zaenz","Alñoid316",2020-10-06,-3246,-45140,"Se perdió por la plaza en la tarde con un niño",false,1
240,"Marco Quispe","Alio377",2020-06-23,-68968,-66623,"No se por donde se me perdió exactamente pero creo que fue por la pista en la tarde con un niño",false,1
241,"Pedro Quispe","Alñoid332",2020-09-06,-20122,35083,"Se marchó por la villa en la tarde con un niño",false,1
242,"Ruperto Turpaleon","Luna118",2020-05-13,17392,32075,"Se perdió por la escuela x en la madrugada solo",false,1
243,"Juan Vasquez","Ajui400",2018-03-20,-5844,-36325,"Se fugó por el mercado de huacho en la mañana con otros perros",false,1
244,"Mirto Claros","Luna181",2021-12-01,-19523,-38160,"No se por donde se me perdió exactamente pero creo que fue por la escuela x en la madrugada con una niña",false,1
245,"Mirto Quispe","Apou135",2018-08-13,27213,-25707,"Se fue por el mercado de huacho en la madrugada con una niña",false,1
246,"Ruperto Claros","Apou133",2018-07-22,36172,24572,"No se por donde se me perdió exactamente pero creo que fue por el mercado de huacho en la madrugada solo",false,1
247,"Juan Quispe","Anlop29",2019-03-10,-40096,-59632,"Se fue por la vereda en la noche solo",false,1
248,"Manuel Zaenz","Apou212",2020-07-08,-44319,40255,"No se por donde se me perdió exactamente pero creo que fue por el mercado de lima en la madrugada con una niña",false,1
249,"Pedro Quispe","Apou2",2019-10-07,48810,2201,"Se fugó por la pista en la tarde con una niña",false,1
250,"Ruperto Vasquez","Ajui172",2018-08-25,-677,-529,"Se marchó por la pista en la madrugada con un niño",false,1
251,"Manuel Turpaleon","Anlop185",2020-04-01,43034,-41865,"Se fugó por la vereda en la madrugada solo",false,1
252,"Ruperto Ramírez","Luna137",2019-02-16,-3146,-28502,"Se perdió por la escuela x en la noche con una niña",false,1
253,"Pedro Ortiz","Apou279",2020-08-22,-20266,-37417,"Se fugó por la vereda en la madrugada solo",false,1
254,"Ruperto Zaenz","Alio143",2020-11-06,-22666,-43158,"No se por donde se me perdió exactamente pero creo que fue por la pista en la tarde solo",false,1
255,"Manuel Claros","Apou386",2020-11-08,383,-21515,"Se marchó por la villa en la noche con un niño",false,1
256,"Marco Vasquez","Lacy60",2020-02-24,-49203,24055,"No se por donde se me perdió exactamente pero creo que fue por la villa en la noche con otros perros",false,1
257,"María Quispe","Alpy163",2021-05-25,9411,-68809,"La última vez que lo ví fue por la plaza en la tarde con otros perros",false,1
258,"Pedro Ortiz","Ajui244",2018-11-16,-13591,18992,"La última vez que lo ví fue por la pista en la noche solo",false,1
259,"María Zaenz","Alio141",2018-03-25,-14701,-1252,"Se fugó por la pista en la madrugada con una niña",false,1
260,"Manuel Ramírez","Alpy82",2019-04-05,2470,-49718,"La última vez que lo ví fue por el mercado de lima en la noche con un niño",false,1
261,"Mirto Claros","Lacy190",2019-12-17,-57022,3770,"Se marchó por la pista en la mañana solo",false,1
262,"María Ramírez","Apou77",2020-11-15,27627,22336,"No se por donde se me perdió exactamente pero creo que fue por la escuela x en la noche con otros perros",false,1
263,"Marco Vasquez","Alpy282",2019-12-19,-18878,-52563,"La última vez que lo ví fue por la escuela x en la mañana solo",false,1
264,"Ana Solis","Alñoid304",2020-07-05,4013,35477,"Se fue por el mercado de huacho en la madrugada con una niña",false,1
265,"Marco Vasquez","Lacy190",2019-08-10,38822,8936,"Se fue por el mercado de lima en la noche con un niño",false,1
266,"María Ortiz","Luna238",2019-10-03,-44659,45046,"Se fue por la playa en la tarde solo",false,1
267,"Juan Claros","Aloiy182",2019-05-19,-22340,-4443,"La última vez que lo ví fue por la vereda en la madrugada con una niña",false,1
268,"Mirto Solis","Lacy457",2018-06-20,-60797,-24855,"Se marchó por la vereda en la madrugada con otros perros",false,1
269,"Marco Vasquez","Anlop53",2018-12-01,-33835,20760,"Se perdió por la vereda en la tarde con otros perros",false,1
270,"Marco Solis","Alñoid162",2020-10-03,-34805,20167,"No se por donde se me perdió exactamente pero creo que fue por el mercado de lima en la noche con otros perros",false,1
271,"Ana Turpaleon","Ajui407",2018-02-24,-2595,30166,"No se por donde se me perdió exactamente pero creo que fue por la villa en la noche con un niño",false,1
272,"Ana Quispe","Aloiy79",2020-02-16,-19220,-35371,"Se marchó por la plaza en la madrugada con una niña",false,1
273,"Mirto Claros","Aloiy460",2021-12-06,-15466,48541,"No se por donde se me perdió exactamente pero creo que fue por la playa en la mañana solo",false,1
274,"Mirto Zaenz","Luna403",2021-02-19,35954,-10065,"La última vez que lo ví fue por la plaza en la tarde con otros perros",false,1
275,"Juan Ortiz","Ajui43",2021-02-10,-24456,-6485,"Se fugó por la pista en la noche solo",false,1
276,"Marco Ortiz","Anlop298",2021-08-17,-23662,40622,"No se por donde se me perdió exactamente pero creo que fue por la plaza en la noche con una niña",false,1
277,"Manuel Ramírez","Anlop493",2020-08-18,-66405,-37419,"Se fue por la plaza en la noche con otros perros",false,1
278,"Ruperto Ortiz","Apou457",2021-04-07,-17978,11845,"No se por donde se me perdió exactamente pero creo que fue por la plaza en la noche con una niña",false,1
279,"Juan Ortiz","Apou405",2018-05-13,-36098,-53198,"Se fue por la pista en la noche con otros perros",false,1
280,"Pedro Ortiz","Alñoid166",2021-08-11,15477,-1699,"No se por donde se me perdió exactamente pero creo que fue por el mercado de lima en la noche con una niña",false,1
281,"Pedro Ortiz","Lacy264",2019-07-01,17285,-65051,"Se fue por la pista en la tarde con una niña",false,1
282,"Mirto Vasquez","Apou288",2021-07-25,-45151,-49432,"Se fue por la plaza en la madrugada solo",false,1
283,"Mirto Ramírez","Alio437",2019-05-04,-36284,32082,"Se marchó por la escuela x en la tarde solo",false,1
284,"María Solis","Apou296",2018-10-07,-13379,-39256,"Se marchó por el mercado de huacho en la mañana solo",false,1
285,"Mirto Solis","Lacy359",2019-08-21,30339,-46981,"Se fue por la escuela x en la tarde con un niño",false,1
286,"Mirto Solis","Anlop314",2018-07-24,31548,-57874,"Se fugó por la villa en la noche con otros perros",false,1
287,"Pedro Ortiz","Anlop447",2019-09-21,-24275,-20859,"Se fugó por la playa en la mañana con otros perros",false,1
288,"Pedro Vasquez","Anlop104",2019-07-18,46444,18966,"Se fue por el mercado de lima en la mañana solo",false,1
289,"Marco Ramírez","Apou19",2021-08-14,8255,-58751,"Se perdió por la escuela x en la mañana con un niño",false,1
290,"Mirto Ortiz","Anlop309",2021-12-12,-52076,37782,"Se perdió por el mercado de lima en la mañana solo",false,1
291,"Ana Zaenz","Anlop365",2021-02-04,28361,-3916,"Se marchó por el mercado de lima en la tarde solo",false,1
292,"Mirto Ramírez","Alñoid379",2018-11-18,-21951,11339,"No se por donde se me perdió exactamente pero creo que fue por la escuela x en la noche solo",false,1
293,"Mirto Claros","Apou58",2019-04-11,-36597,-17010,"No se por donde se me perdió exactamente pero creo que fue por la plaza en la tarde con un niño",false,1
294,"María Solis","Alio420",2019-08-21,-49259,-15096,"La última vez que lo ví fue por la pista en la madrugada con un niño",false,1
295,"Mirto Zaenz","Lacy451",2019-03-09,5862,-46822,"La última vez que lo ví fue por la vereda en la noche con otros perros",false,1
296,"Juan Quispe","Anlop173",2019-06-24,-53947,30350,"Se marchó por la vereda en la madrugada con otros perros",false,1
297,"Pedro Claros","Lacy40",2020-04-04,40421,29257,"Se fugó por la playa en la noche con otros perros",false,1
298,"Ana Solis","Luna382",2021-03-18,-39624,-39360,"La última vez que lo ví fue por la villa en la noche solo",false,1
299,"Juan Ramírez","Alio313",2021-02-22,47961,-41046,"Se fue por el mercado de huacho en la madrugada solo",false,1
300,"Ruperto Solis","Apou33",2020-05-08,47490,-47426,"No se por donde se me perdió exactamente pero creo que fue por la playa en la mañana con una niña",false,1
301,"Mirto Ramírez","Alñoid220",2021-02-07,-36775,-44758,"Se marchó por el mercado de huacho en la noche solo",false,1
302,"Marco Ortiz","Aloiy395",2020-03-02,-49803,-18499,"La última vez que lo ví fue por la escuela x en la noche solo",false,1
303,"Ana Solis","Luna247",2018-04-01,-68669,-64181,"Se perdió por el mercado de huacho en la mañana solo",false,1
304,"Ruperto Ramírez","Alñoid22",2019-07-09,26893,-15587,"Se fugó por la playa en la tarde con un niño",false,1
305,"Mirto Ortiz","Apou200",2019-08-10,-66112,37989,"No se por donde se me perdió exactamente pero creo que fue por la vereda en la noche solo",false,1
306,"Ruperto Quispe","Alio150",2021-02-03,-17206,-11951,"No se por donde se me perdió exactamente pero creo que fue por la playa en la madrugada con una niña",false,1
307,"Ana Quispe","Aloiy254",2019-02-14,10307,-10564,"Se marchó por la playa en la tarde solo",false,1
308,"Pedro Turpaleon","Anlop210",2018-07-21,12211,-18406,"Se marchó por la vereda en la noche con una niña",false,1
309,"Mirto Claros","Alñoid106",2018-05-11,20315,-40013,"Se fugó por la villa en la madrugada con una niña",false,1
310,"Marco Ortiz","Luna74",2018-12-20,15868,-31320,"Se perdió por el mercado de huacho en la noche con una niña",false,1
311,"Ana Ortiz","Alpy151",2019-07-20,-49602,-48152,"No se por donde se me perdió exactamente pero creo que fue por la villa en la mañana con un niño",false,1
312,"Ruperto Ramírez","Ajui338",2020-11-24,-64833,-65408,"Se perdió por la villa en la mañana con otros perros",false,1
313,"María Quispe","Anlop475",2021-12-15,15071,-66402,"Se fugó por la villa en la madrugada solo",false,1
314,"María Turpaleon","Luna1",2020-09-06,-38078,20013,"Se fue por el mercado de lima en la mañana solo",false,1
315,"Manuel Claros","Anlop432",2020-07-20,-46997,-17161,"Se perdió por la escuela x en la tarde con un niño",false,1
316,"Mirto Vasquez","Alio275",2018-01-17,-14578,-4924,"Se fue por el mercado de huacho en la madrugada con otros perros",false,1
317,"Ana Turpaleon","Lacy303",2019-09-25,-38078,-29952,"No se por donde se me perdió exactamente pero creo que fue por la pista en la mañana con un niño",false,1
318,"Juan Quispe","Apou224",2019-05-02,36013,-16250,"Se fue por el mercado de lima en la tarde solo",false,1
319,"Ana Vasquez","Luna7",2019-05-02,43190,17249,"No se por donde se me perdió exactamente pero creo que fue por la escuela x en la madrugada con un niño",false,1
320,"Ruperto Ramírez","Alpy87",2019-08-13,-27591,30144,"Se fue por la escuela x en la mañana solo",false,1
321,"Mirto Zaenz","Alpy460",2020-02-21,-10459,44384,"No se por donde se me perdió exactamente pero creo que fue por la plaza en la mañana con un niño",false,1
322,"María Vasquez","Luna195",2018-02-20,34702,10904,"Se fue por la playa en la noche con otros perros",false,1
323,"Juan Zaenz","Anlop93",2020-03-24,-5210,-12047,"La última vez que lo ví fue por la escuela x en la noche con una niña",false,1
324,"Ruperto Solis","Alñoid72",2020-02-19,-48075,-68432,"Se marchó por la vereda en la tarde con una niña",false,1
325,"Mirto Turpaleon","Apou382",2020-03-13,3541,-25881,"La última vez que lo ví fue por la playa en la madrugada con un niño",false,1
326,"Ana Ramírez","Alñoid42",2019-11-14,-23036,4076,"Se perdió por la plaza en la tarde con una niña",false,1
327,"Manuel Turpaleon","Anlop408",2018-09-12,38069,14982,"Se fugó por el mercado de huacho en la tarde con otros perros",false,1
328,"Mirto Vasquez","Anlop479",2020-04-25,36586,16427,"Se fue por la pista en la noche con un niño",false,1
329,"Ruperto Ortiz","Alñoid105",2019-11-24,8408,34450,"No se por donde se me perdió exactamente pero creo que fue por la pista en la tarde con otros perros",false,1
330,"Marco Vasquez","Apou500",2018-05-11,-55842,-22932,"Se fugó por el mercado de lima en la tarde solo",false,1
331,"Marco Quispe","Luna390",2018-06-05,-4956,-29296,"Se fugó por la pista en la tarde con otros perros",false,1
332,"Pedro Solis","Apou352",2020-02-12,29959,33436,"Se fugó por la escuela x en la tarde con un niño",false,1
333,"Ruperto Claros","Lacy293",2021-05-25,113,36736,"No se por donde se me perdió exactamente pero creo que fue por la pista en la madrugada solo",false,1
334,"Marco Vasquez","Alpy461",2019-03-19,-58694,-51636,"Se marchó por la escuela x en la noche con una niña",false,1
335,"Ana Quispe","Alñoid400",2019-12-01,-43905,49298,"Se perdió por el mercado de huacho en la noche con una niña",false,1
336,"María Ortiz","Alpy423",2021-05-13,43711,-24019,"Se perdió por el mercado de lima en la mañana solo",false,1
337,"Juan Ortiz","Lacy5",2020-12-08,8061,-40369,"Se fugó por la playa en la madrugada con otros perros",false,1
338,"Mirto Ramírez","Lacy423",2021-02-09,5769,11121,"Se marchó por la pista en la noche con otros perros",false,1
339,"María Ramírez","Alio387",2018-08-13,-31208,25654,"La última vez que lo ví fue por la vereda en la tarde con una niña",false,1
340,"Marco Zaenz","Alpy364",2020-11-14,15339,18274,"Se perdió por la plaza en la madrugada solo",false,1
341,"Marco Vasquez","Alio420",2021-06-05,-28223,43540,"Se fugó por la playa en la tarde con un niño",false,1
342,"Ana Solis","Alñoid349",2020-12-03,-27942,-62940,"Se marchó por la vereda en la tarde con un niño",false,1
343,"María Turpaleon","Alio138",2020-04-09,-24070,24687,"Se perdió por la villa en la madrugada solo",false,1
344,"María Vasquez","Aloiy379",2018-05-15,-38966,-4769,"Se fue por el mercado de lima en la madrugada solo",false,1
345,"Ana Claros","Ajui235",2019-05-04,33121,-60747,"La última vez que lo ví fue por la playa en la mañana con un niño",false,1
346,"Marco Zaenz","Anlop210",2019-12-09,22855,35273,"Se fugó por la pista en la noche solo",false,1
347,"Mirto Ortiz","Lacy125",2018-02-16,14585,36424,"Se fugó por el mercado de lima en la tarde solo",false,1
348,"María Zaenz","Luna99",2021-09-17,-46013,19622,"Se fue por el mercado de lima en la noche solo",false,1
349,"Juan Ramírez","Ajui347",2020-02-13,-51011,443,"Se fugó por la playa en la mañana con otros perros",false,1
350,"Marco Turpaleon","Alio374",2018-10-08,-23556,-40816,"No se por donde se me perdió exactamente pero creo que fue por la plaza en la noche con un niño",false,1
351,"Juan Quispe","Ajui46",2020-05-16,-8489,-14435,"Se fugó por la villa en la tarde con un niño",false,1
352,"Marco Zaenz","Luna139",2021-04-24,12927,-48324,"Se fugó por la escuela x en la madrugada con otros perros",false,1
353,"Manuel Turpaleon","Alio327",2018-11-09,-37548,47342,"Se marchó por el mercado de lima en la madrugada solo",false,1
354,"Mirto Solis","Apou407",2019-05-06,19637,16029,"Se fugó por la escuela x en la noche con una niña",false,1
355,"Juan Solis","Alpy432",2018-10-24,-17431,-23843,"Se perdió por la villa en la madrugada con otros perros",false,1
356,"Ana Ortiz","Alio262",2021-08-07,38932,-53173,"No se por donde se me perdió exactamente pero creo que fue por la playa en la madrugada con un niño",false,1
357,"María Ramírez","Aloiy483",2020-09-16,-28126,-14723,"Se fue por la escuela x en la madrugada con una niña",false,1
358,"María Ortiz","Alñoid387",2021-09-11,-67133,42979,"No se por donde se me perdió exactamente pero creo que fue por la playa en la mañana con otros perros",false,1
359,"Ruperto Ramírez","Alio198",2018-03-21,-35140,22774,"Se fugó por la escuela x en la madrugada con otros perros",false,1
360,"Marco Vasquez","Apou170",2018-07-03,-29468,46385,"No se por donde se me perdió exactamente pero creo que fue por la plaza en la madrugada con un niño",false,1
361,"Ruperto Solis","Alio125",2018-03-18,-31934,16864,"Se fue por el mercado de huacho en la mañana con un niño",false,1
362,"Ana Zaenz","Lacy435",2019-07-20,-29479,-47395,"Se perdió por la vereda en la mañana con un niño",false,1
363,"Pedro Ortiz","Apou195",2020-10-01,-19888,29093,"Se fugó por la vereda en la madrugada con un niño",false,1
364,"Marco Quispe","Alpy188",2021-11-01,-42112,-56099,"Se fue por la plaza en la tarde con una niña",false,1
365,"Juan Ortiz","Alio351",2019-10-08,28650,-39478,"Se perdió por la plaza en la mañana con un niño",false,1
366,"María Claros","Lacy316",2020-07-23,-25338,17689,"La última vez que lo ví fue por la playa en la noche con un niño",false,1
367,"Ruperto Ramírez","Alpy217",2020-03-18,26359,23005,"No se por donde se me perdió exactamente pero creo que fue por el mercado de huacho en la mañana con una niña",false,1
368,"Mirto Quispe","Luna313",2021-04-13,-53708,-23331,"No se por donde se me perdió exactamente pero creo que fue por la vereda en la noche con una niña",false,1
369,"Juan Ortiz","Alpy361",2019-07-09,-53231,-59405,"Se fue por el mercado de huacho en la madrugada con otros perros",false,1
370,"Pedro Turpaleon","Anlop225",2021-12-16,-65787,-58586,"Se fue por la pista en la madrugada con otros perros",false,1
371,"Juan Claros","Alñoid14",2018-04-19,-37689,-15642,"Se fugó por la plaza en la mañana con un niño",false,1
372,"Juan Quispe","Anlop43",2020-03-20,7509,-22796,"No se por donde se me perdió exactamente pero creo que fue por la pista en la noche con otros perros",false,1
373,"Manuel Quispe","Lacy453",2020-07-01,-12042,45720,"Se perdió por la playa en la noche con una niña",false,1
374,"Mirto Ortiz","Lacy211",2018-11-18,-25776,23826,"La última vez que lo ví fue por la escuela x en la mañana con una niña",false,1
375,"Pedro Vasquez","Anlop172",2020-12-22,24831,47234,"Se marchó por la pista en la tarde solo",false,1
376,"Mirto Solis","Ajui221",2018-09-02,-15557,-46244,"Se fugó por la plaza en la mañana con otros perros",false,1
377,"Manuel Quispe","Apou438",2018-06-15,34395,-57783,"No se por donde se me perdió exactamente pero creo que fue por la plaza en la mañana con otros perros",false,1
378,"Mirto Quispe","Anlop87",2020-05-02,-8730,48944,"Se fue por la villa en la madrugada con una niña",false,1
379,"Juan Zaenz","Alpy217",2021-11-19,44744,23069,"Se fugó por el mercado de lima en la noche con un niño",false,1
380,"Juan Claros","Aloiy263",2018-10-20,-39613,-28179,"Se fugó por el mercado de lima en la madrugada con una niña",false,1
381,"Ana Turpaleon","Alio247",2021-01-07,-30038,-41860,"Se fugó por el mercado de lima en la noche solo",false,1
382,"Juan Ortiz","Ajui152",2021-10-10,-38886,-40740,"Se marchó por el mercado de huacho en la madrugada con una niña",false,1
383,"Pedro Zaenz","Anlop8",2021-02-18,-60213,-5738,"La última vez que lo ví fue por la plaza en la mañana con otros perros",false,1
384,"Mirto Turpaleon","Apou81",2018-11-08,-31442,-39690,"La última vez que lo ví fue por la vereda en la tarde con un niño",false,1
385,"Manuel Quispe","Alpy24",2019-10-02,22467,-58782,"La última vez que lo ví fue por el mercado de lima en la noche con otros perros",false,1
386,"María Ramírez","Alpy139",2020-12-07,13650,-4602,"Se perdió por la villa en la mañana con un niño",false,1
387,"Mirto Vasquez","Alpy397",2020-06-11,-34218,9828,"Se perdió por la villa en la madrugada con una niña",false,1
388,"Ruperto Ortiz","Alpy336",2018-02-22,-19077,26448,"La última vez que lo ví fue por la pista en la mañana solo",false,1
389,"Juan Vasquez","Alñoid411",2021-03-21,-48966,-39673,"La última vez que lo ví fue por la escuela x en la mañana con una niña",false,1
390,"Pedro Claros","Apou418",2018-04-17,-22271,38488,"Se perdió por la plaza en la madrugada con una niña",false,1
391,"Manuel Ortiz","Apou245",2019-12-15,-41836,-4553,"La última vez que lo ví fue por el mercado de huacho en la madrugada con otros perros",false,1
392,"Marco Quispe","Lacy246",2021-04-05,-42748,32661,"Se perdió por la plaza en la noche con una niña",false,1
393,"Manuel Quispe","Ajui179",2020-05-05,-32864,-54785,"Se marchó por el mercado de huacho en la noche con una niña",false,1
394,"Mirto Quispe","Luna212",2018-04-25,44899,1424,"No se por donde se me perdió exactamente pero creo que fue por la villa en la mañana con una niña",false,1
395,"Pedro Vasquez","Luna211",2021-09-19,-4153,-50274,"La última vez que lo ví fue por la plaza en la madrugada solo",false,1
396,"Manuel Ramírez","Alñoid120",2019-03-16,-3866,26656,"Se perdió por el mercado de huacho en la madrugada con un niño",false,1
397,"Manuel Vasquez","Luna174",2018-05-12,-53103,43089,"Se marchó por la plaza en la mañana con una niña",false,1
398,"Ana Claros","Alñoid395",2021-01-23,46129,-7594,"Se perdió por la escuela x en la noche solo",false,1
399,"Ruperto Solis","Aloiy229",2020-11-09,7909,16741,"Se fugó por la pista en la madrugada con un niño",false,1
400,"Pedro Quispe","Lacy84",2020-05-03,9127,-57449,"No se por donde se me perdió exactamente pero creo que fue por el mercado de huacho en la mañana solo",false,1
401,"Mirto Solis","Lacy378",2018-07-12,-9770,13274,"Se perdió por el mercado de huacho en la noche solo",false,1
402,"Ruperto Ramírez","Alñoid288",2020-08-12,-60475,-19722,"Se fue por la playa en la noche solo",false,1
403,"Manuel Ramírez","Alpy337",2019-12-10,-19086,-18074,"Se fugó por el mercado de huacho en la noche con un niño",false,1
404,"Manuel Ortiz","Alñoid49",2019-10-22,-42491,46357,"Se perdió por la escuela x en la tarde con un niño",false,1
405,"Ruperto Vasquez","Aloiy146",2019-11-11,-10948,-17453,"Se fue por la vereda en la tarde solo",false,1
406,"Pedro Turpaleon","Anlop348",2020-05-08,-10380,-14046,"La última vez que lo ví fue por la escuela x en la madrugada solo",false,1
407,"Pedro Zaenz","Aloiy422",2018-09-13,10750,-65901,"Se marchó por la playa en la madrugada con un niño",false,1
408,"Ruperto Quispe","Alñoid406",2018-11-13,28053,43289,"Se fugó por el mercado de huacho en la tarde con una niña",false,1
409,"María Vasquez","Apou395",2018-08-14,-57736,23828,"Se marchó por la pista en la tarde solo",false,1
410,"Mirto Ramírez","Ajui166",2019-02-03,-59813,47774,"No se por donde se me perdió exactamente pero creo que fue por la villa en la mañana con un niño",false,1
411,"Marco Ramírez","Aloiy101",2021-11-13,-42371,-9068,"No se por donde se me perdió exactamente pero creo que fue por la plaza en la tarde con una niña",false,1
412,"Juan Zaenz","Apou188",2018-02-17,-20001,-42673,"No se por donde se me perdió exactamente pero creo que fue por la escuela x en la madrugada solo",false,1
413,"Mirto Quispe","Luna169",2018-03-08,-20668,-60178,"Se marchó por la playa en la tarde con otros perros",false,1
414,"Pedro Ortiz","Alñoid297",2021-08-07,-37313,955,"No se por donde se me perdió exactamente pero creo que fue por la villa en la madrugada con otros perros",false,1
415,"Manuel Claros","Apou267",2021-08-15,-13499,-61618,"Se fugó por la escuela x en la mañana con una niña",false,1
416,"Manuel Quispe","Alñoid37",2019-05-01,-50103,35105,"Se fugó por la villa en la noche con un niño",false,1
417,"Juan Solis","Lacy171",2018-08-03,-12737,10784,"Se marchó por el mercado de huacho en la noche con un niño",false,1
418,"Pedro Zaenz","Apou146",2019-07-04,-58737,-47653,"La última vez que lo ví fue por la plaza en la madrugada con otros perros",false,1
419,"Marco Quispe","Alñoid387",2021-08-17,47387,26638,"Se marchó por la escuela x en la mañana con un niño",false,1
420,"Marco Ramírez","Alio215",2020-01-07,-25763,-63365,"Se perdió por el mercado de lima en la noche con otros perros",false,1
421,"Pedro Vasquez","Lacy369",2019-03-12,17443,-18035,"Se marchó por la plaza en la mañana con un niño",false,1
422,"Pedro Claros","Apou374",2019-10-11,-67138,-18502,"Se perdió por la vereda en la mañana solo",false,1
423,"Ruperto Claros","Lacy350",2019-08-03,11236,-44179,"No se por donde se me perdió exactamente pero creo que fue por la escuela x en la tarde con una niña",false,1
424,"Mirto Quispe","Apou148",2020-07-02,21758,-5401,"Se marchó por el mercado de huacho en la madrugada solo",false,1
425,"Juan Ramírez","Alpy371",2019-02-16,-40780,-58580,"Se marchó por la escuela x en la mañana con otros perros",false,1
426,"Manuel Quispe","Apou175",2020-04-15,17419,-22395,"La última vez que lo ví fue por el mercado de huacho en la madrugada con un niño",false,1
427,"Ruperto Quispe","Ajui130",2019-03-15,6688,-5759,"Se perdió por la pista en la tarde con un niño",false,1
428,"Pedro Ramírez","Aloiy59",2019-01-10,-21915,-8205,"Se marchó por la escuela x en la tarde solo",false,1
429,"Ruperto Vasquez","Lacy192",2020-02-14,26315,-67290,"La última vez que lo ví fue por la villa en la madrugada con una niña",false,1
430,"Mirto Claros","Ajui143",2021-08-07,-11871,-50776,"La última vez que lo ví fue por la pista en la tarde solo",false,1
431,"Ana Vasquez","Lacy171",2018-10-13,-58319,40161,"Se fue por la vereda en la mañana con un niño",false,1
432,"Ana Ramírez","Aloiy149",2018-02-05,-5160,3080,"Se fue por el mercado de lima en la madrugada con un niño",false,1
433,"María Vasquez","Ajui7",2018-07-24,-69945,-346,"La última vez que lo ví fue por la pista en la noche con un niño",false,1
434,"Marco Vasquez","Alñoid4",2019-04-18,25752,19669,"Se perdió por la vereda en la madrugada con una niña",false,1
435,"Ruperto Quispe","Alio227",2019-04-11,41160,-14873,"Se perdió por la pista en la tarde con una niña",false,1
436,"Ruperto Ortiz","Ajui14",2020-10-05,23591,13521,"No se por donde se me perdió exactamente pero creo que fue por la escuela x en la noche con una niña",false,1
437,"Ana Zaenz","Luna350",2020-10-19,-69878,31664,"Se marchó por el mercado de huacho en la mañana con otros perros",false,1
438,"Ana Quispe","Aloiy17",2018-10-13,13456,45828,"Se fue por la pista en la tarde con otros perros",false,1
439,"Marco Zaenz","Alñoid474",2021-05-09,48180,2551,"Se perdió por la playa en la noche con una niña",false,1
440,"Juan Ramírez","Alio27",2021-04-04,42029,18684,"Se marchó por la villa en la madrugada con una niña",false,1
441,"Marco Turpaleon","Apou82",2021-10-04,18910,-51710,"La última vez que lo ví fue por el mercado de huacho en la madrugada con otros perros",false,1
442,"María Claros","Lacy44",2021-04-11,-39888,-68315,"Se fue por la escuela x en la tarde con una niña",false,1
443,"María Solis","Aloiy427",2020-06-10,-39464,9807,"Se marchó por la pista en la tarde con un niño",false,1
444,"Ana Turpaleon","Alpy313",2019-09-22,-34535,-24095,"La última vez que lo ví fue por la villa en la tarde con un niño",false,1
445,"Juan Quispe","Alio204",2020-12-20,-10191,30506,"Se marchó por la playa en la madrugada solo",false,1
446,"Mirto Ortiz","Anlop1",2020-10-23,-49943,10152,"La última vez que lo ví fue por la plaza en la madrugada solo",false,1
447,"Juan Solis","Anlop205",2019-08-15,8547,-64696,"Se fue por la pista en la tarde con otros perros",false,1
448,"Ruperto Claros","Apou160",2018-11-17,1282,-12926,"La última vez que lo ví fue por la playa en la mañana solo",false,1
449,"Manuel Zaenz","Lacy387",2021-05-20,22613,13829,"La última vez que lo ví fue por la vereda en la madrugada con una niña",false,1
450,"Ruperto Zaenz","Luna219",2021-05-03,6195,-62168,"Se perdió por la playa en la madrugada con otros perros",false,1
451,"Ruperto Turpaleon","Anlop285",2021-10-10,21986,-35992,"Se perdió por la vereda en la noche solo",false,1
452,"Mirto Quispe","Ajui222",2018-03-08,-32844,-66132,"Se marchó por el mercado de lima en la madrugada con una niña",false,1
453,"Pedro Solis","Luna259",2020-12-17,-29035,24804,"Se marchó por la villa en la madrugada con una niña",false,1
454,"Marco Vasquez","Alio142",2018-02-15,-39041,27199,"No se por donde se me perdió exactamente pero creo que fue por la vereda en la madrugada con otros perros",false,1
455,"María Ramírez","Aloiy301",2018-08-14,-14817,-44398,"Se fue por la escuela x en la mañana solo",false,1
456,"Ana Ortiz","Ajui265",2020-08-25,-64081,-24399,"Se fue por la plaza en la noche solo",false,1
457,"Mirto Ortiz","Alpy143",2019-02-05,-42826,7433,"Se perdió por el mercado de lima en la tarde solo",false,1
458,"Ruperto Solis","Aloiy256",2020-05-02,-4015,-50831,"Se perdió por el mercado de lima en la madrugada solo",false,1
459,"Marco Solis","Aloiy486",2020-08-22,-901,-30985,"Se perdió por la villa en la madrugada con un niño",false,1
460,"Mirto Turpaleon","Anlop399",2021-08-21,-29372,-22275,"Se marchó por la pista en la tarde con una niña",false,1
461,"Ana Ramírez","Aloiy65",2020-05-11,48899,-9961,"La última vez que lo ví fue por la plaza en la tarde solo",false,1
462,"Manuel Claros","Apou176",2018-01-11,-23516,-3599,"No se por donde se me perdió exactamente pero creo que fue por la escuela x en la noche con otros perros",false,1
463,"Juan Ramírez","Lacy126",2019-09-25,-22216,45233,"No se por donde se me perdió exactamente pero creo que fue por el mercado de lima en la mañana solo",false,1
464,"Mirto Solis","Luna238",2018-07-16,-7088,25744,"Se marchó por la pista en la tarde con una niña",false,1
465,"Juan Ortiz","Luna384",2018-12-21,-9848,25658,"Se marchó por la pista en la noche solo",false,1
466,"Juan Solis","Ajui471",2019-10-19,30175,3672,"La última vez que lo ví fue por la vereda en la noche solo",false,1
467,"Mirto Ortiz","Alñoid385",2020-05-18,3890,-62661,"Se fue por la pista en la mañana con otros perros",false,1
468,"Mirto Turpaleon","Ajui327",2021-06-05,-14068,-25287,"No se por donde se me perdió exactamente pero creo que fue por la escuela x en la mañana solo",false,1
469,"Juan Ortiz","Ajui433",2021-07-12,25747,-59577,"Se fugó por la vereda en la noche con un niño",false,1
470,"Mirto Turpaleon","Lacy487",2019-12-11,43236,-63491,"Se fugó por el mercado de huacho en la mañana con otros perros",false,1
471,"Mirto Zaenz","Alpy4",2020-04-16,33978,-67528,"Se fugó por el mercado de huacho en la noche solo",false,1
472,"Mirto Quispe","Apou303",2020-10-12,-29750,48679,"La última vez que lo ví fue por el mercado de lima en la noche con un niño",false,1
473,"Juan Vasquez","Anlop15",2021-03-16,-46283,-15484,"Se fugó por la pista en la madrugada solo",false,1
474,"María Vasquez","Luna214",2021-07-08,-12881,2803,"Se fugó por el mercado de huacho en la mañana con una niña",false,1
475,"Pedro Turpaleon","Anlop301",2021-09-11,19170,4834,"Se fue por la pista en la madrugada solo",false,1
476,"Juan Turpaleon","Apou307",2018-05-23,-53344,37328,"Se fugó por la villa en la mañana con otros perros",false,1
477,"Pedro Ramírez","Apou3",2020-09-23,-55534,19124,"Se fugó por la escuela x en la madrugada con una niña",false,1
478,"María Zaenz","Ajui125",2020-02-05,-69821,-45574,"No se por donde se me perdió exactamente pero creo que fue por la plaza en la mañana solo",false,1
479,"Pedro Claros","Alio427",2021-11-25,-29750,-47796,"Se perdió por la escuela x en la tarde con un niño",false,1
480,"Pedro Solis","Apou486",2021-09-19,-5491,-1162,"Se fue por la villa en la tarde solo",false,1
481,"Ana Vasquez","Lacy191",2019-09-03,-21721,-49510,"Se fugó por la escuela x en la mañana solo",false,1
482,"Pedro Ortiz","Ajui305",2021-02-18,-13062,-53048,"No se por donde se me perdió exactamente pero creo que fue por la plaza en la madrugada con otros perros",false,1
483,"Ruperto Ramírez","Alñoid182",2021-03-23,48608,20328,"Se fue por la vereda en la tarde solo",false,1
484,"Juan Turpaleon","Alpy77",2019-02-23,-52636,48298,"Se perdió por el mercado de huacho en la noche con otros perros",false,1
485,"Pedro Zaenz","Luna347",2021-08-20,-65446,-21542,"Se marchó por la vereda en la madrugada con una niña",false,1
486,"Manuel Zaenz","Alpy264",2021-11-15,-44582,35346,"Se fugó por el mercado de lima en la noche con un niño",false,1
487,"Pedro Quispe","Alñoid119",2021-07-13,45493,10344,"Se marchó por la escuela x en la noche con un niño",false,1
488,"Marco Ramírez","Luna73",2021-02-02,19681,-9723,"Se marchó por la playa en la tarde solo",false,1
489,"Ruperto Zaenz","Alpy210",2018-06-02,-23488,22080,"Se perdió por el mercado de lima en la mañana con un niño",false,1
490,"Ruperto Solis","Alñoid373",2018-04-04,-50639,-17903,"La última vez que lo ví fue por la escuela x en la madrugada con otros perros",false,1
491,"María Zaenz","Alio410",2020-04-12,-58154,33882,"Se fue por la escuela x en la mañana con otros perros",false,1
492,"Ana Claros","Ajui294",2021-05-01,29108,-37941,"No se por donde se me perdió exactamente pero creo que fue por la plaza en la madrugada con una niña",false,1
493,"Ruperto Solis","Alñoid382",2018-03-01,34337,-61312,"Se fugó por la plaza en la noche con otros perros",false,1
494,"María Quispe","Alio65",2018-11-17,-12753,-58482,"Se fue por la vereda en la tarde con un niño",false,1
495,"Mirto Vasquez","Lacy303",2020-04-21,-20482,48700,"Se perdió por el mercado de lima en la tarde con una niña",false,1
496,"Marco Turpaleon","Alñoid313",2018-11-13,-31617,-69294,"Se perdió por el mercado de huacho en la madrugada solo",false,1
497,"Juan Vasquez","Anlop296",2020-12-04,-62382,-14524,"Se perdió por la vereda en la madrugada con un niño",false,1
498,"Mirto Zaenz","Alñoid169",2018-05-09,13898,-39973,"La última vez que lo ví fue por la plaza en la noche con una niña",false,1
499,"Pedro Quispe","Ajui129",2021-12-16,22007,34761,"No se por donde se me perdió exactamente pero creo que fue por el mercado de lima en la mañana con otros perros",false,1
500,"María Zaenz","Alñoid194",2018-03-16,29093,-7433,"Se fue por la villa en la noche con una niña",false,1